City_ID,City,Country,Date,Lat,Lng,Max Temp,Humidity,Cloudiness,Wind Speed
0,Rikitea,PF,2021-04-15 20:22:46,-23.1203,-134.9692,77.94,74,74,7.94
1,Hobart,AU,2021-04-15 20:19:11,-42.8794,147.3294,42.8,75,20,6.91
2,Jamestown,US,2021-04-15 20:18:42,42.097,-79.2353,44.01,56,90,13.8
3,Mahebourg,MU,2021-04-15 20:22:25,-20.4081,57.7,77.0,94,75,5.75
4,Aripuana,BR,2021-04-15 20:19:43,-9.1667,-60.6333,80.96,90,95,0.85
5,Half Moon Bay,US,2021-04-15 20:22:46,37.4636,-122.4286,66.99,71,1,8.05
6,Sangueya,GN,2021-04-15 20:22:47,10.7,-14.3667,79.32,73,39,3.74
7,Flinders,AU,2021-04-15 20:22:47,-34.5833,150.8552,55.99,62,43,4.61
8,Hamilton,US,2021-04-15 20:22:07,39.1834,-84.5333,55.4,41,75,11.5
9,Yulara,AU,2021-04-15 20:22:47,-25.2406,130.9889,60.8,88,75,5.75
10,Puerto Ayora,EC,2021-04-15 20:22:48,-0.7393,-90.3518,79.0,89,75,4.61
11,Mataura,NZ,2021-04-15 20:22:48,-46.1927,168.8643,50.0,95,74,7.0
12,Camacupa,AO,2021-04-15 20:22:48,-12.0167,17.4833,60.51,96,96,5.1
13,Upernavik,GL,2021-04-15 20:22:48,72.7868,-56.1549,-3.75,87,100,1.95
14,Maceio,BR,2021-04-15 20:20:33,-9.6658,-35.7353,78.8,83,20,5.75
15,Saldanha,ZA,2021-04-15 20:22:49,-33.0117,17.9442,71.6,56,24,4.61
16,Nioro,GM,2021-04-15 20:22:49,13.35,-15.75,84.83,35,100,12.1
17,Tenenkou,ML,2021-04-15 20:22:49,14.4572,-4.9169,98.22,15,89,3.11
18,Tiksi,RU,2021-04-15 20:22:50,71.6872,128.8694,-5.21,100,94,2.48
19,Yellowknife,CA,2021-04-15 20:22:50,62.456,-114.3525,41.0,52,20,14.97
20,Auki,SB,2021-04-15 20:22:50,-8.7676,160.7034,76.78,85,63,3.29
21,Truth Or Consequences,US,2021-04-15 20:22:51,33.1284,-107.2528,75.2,7,1,14.97
22,Nikolskoye,RU,2021-04-15 20:22:51,59.7035,30.7861,42.8,39,0,8.95
23,Ponta Do Sol,PT,2021-04-15 20:21:51,32.6667,-17.1,64.4,77,40,10.36
24,Kupang,ID,2021-04-15 20:22:51,-10.1667,123.5833,73.45,84,99,4.92
25,Husavik,IS,2021-04-15 20:22:52,66.0449,-17.3389,51.8,62,40,27.63
26,Fort Nelson,CA,2021-04-15 20:22:52,58.8053,-122.7002,59.0,31,40,2.3
27,Price,US,2021-04-15 20:22:52,39.5994,-110.8107,48.2,37,75,6.33
28,Te Anau,NZ,2021-04-15 20:22:53,-45.4167,167.7167,49.87,94,99,4.99
29,Ushuaia,AR,2021-04-15 20:21:57,-54.8,-68.3,50.0,50,40,6.91
30,Dingzhou,CN,2021-04-15 20:22:53,38.5131,114.9956,53.6,20,0,6.71
31,Tucuma,BR,2021-04-15 20:22:53,-0.1833,-50.05,79.95,86,100,7.63
32,Butaritari,KI,2021-04-15 20:22:25,3.0707,172.7902,82.22,74,100,9.22
33,Vaini,TO,2021-04-15 20:22:41,-21.2,-175.2,78.8,78,40,8.05
34,Stettler,CA,2021-04-15 20:22:54,52.3168,-112.7186,59.0,25,3,8.05
35,Sabang,ID,2021-04-15 20:20:24,5.8933,95.3214,83.46,70,79,7.99
36,Busselton,AU,2021-04-15 20:21:47,-33.65,115.3333,55.99,95,56,1.01
37,Lagoa,PT,2021-04-15 20:22:55,39.05,-27.9833,62.89,80,35,4.61
38,Lavrentiya,RU,2021-04-15 20:22:55,65.5833,-171.0,13.42,91,61,5.57
39,Pisco,PE,2021-04-15 20:22:55,-13.7,-76.2167,71.6,73,0,10.36
40,Ribeira Grande,PT,2021-04-15 20:22:55,38.5167,-28.7,62.6,88,40,5.75
41,Bredasdorp,ZA,2021-04-15 20:22:56,-34.5322,20.0403,64.4,63,11,11.5
42,Nome,US,2021-04-15 20:22:56,64.5011,-165.4064,21.99,86,1,4.61
43,Qaanaaq,GL,2021-04-15 20:22:57,77.484,-69.3632,1.53,75,9,3.22
44,Beroroha,MG,2021-04-15 20:22:57,-21.6667,45.1667,74.19,81,30,2.51
45,Kaitangata,NZ,2021-04-15 20:22:57,-46.2817,169.8464,46.56,91,28,4.85
46,Dikson,RU,2021-04-15 20:22:21,73.5069,80.5464,-10.16,95,100,17.87
47,Carnarvon,AU,2021-04-15 20:22:58,-24.8667,113.6333,73.94,29,0,15.39
48,Bontang,ID,2021-04-15 20:22:58,0.1333,117.5,74.48,92,100,4.88
49,Bluff,NZ,2021-04-15 20:21:54,-46.6,168.3333,50.0,95,78,7.0
50,Ko Samui,TH,2021-04-15 20:22:59,9.5357,99.9357,84.49,67,75,1.34
51,Kirakira,SB,2021-04-15 20:22:59,-10.4544,161.9205,79.93,84,36,5.14
52,Berlevag,NO,2021-04-15 20:22:59,70.8578,29.0864,32.0,86,75,8.05
53,Longyearbyen,SJ,2021-04-15 20:22:59,78.2186,15.6401,21.2,68,75,10.36
54,Karangampel,ID,2021-04-15 20:23:00,-6.4622,108.4519,78.51,79,90,5.79
55,Wollongong,AU,2021-04-15 20:23:00,-34.4333,150.8833,59.0,59,20,1.01
56,Hasaki,JP,2021-04-15 20:23:00,35.7333,140.8333,44.6,87,20,6.91
57,Horta,PT,2021-04-15 20:23:01,38.5333,-28.6333,62.6,88,40,5.75
58,Tuatapere,NZ,2021-04-15 20:23:01,-46.1333,167.6833,50.0,95,100,7.0
59,Hermanus,ZA,2021-04-15 20:23:01,-34.4187,19.2345,66.0,75,11,8.99
60,Provideniya,RU,2021-04-15 20:23:01,64.3833,-173.3,15.8,79,75,4.47
61,Pedernales,DO,2021-04-15 20:23:02,18.0384,-71.744,81.5,63,3,7.02
62,Guaraniacu,BR,2021-04-15 20:23:02,-25.1008,-52.8781,76.17,48,73,1.97
63,Ariquemes,BR,2021-04-15 20:23:02,-9.9133,-63.0408,82.83,86,96,1.48
64,Nishihara,JP,2021-04-15 20:23:03,26.1842,127.7558,68.0,88,75,6.91
65,Ribeira Brava,PT,2021-04-15 20:23:03,32.65,-17.0667,64.4,77,40,10.36
66,Alboraya,ES,2021-04-15 20:23:03,39.5,-0.35,55.99,82,20,4.61
67,Lompoc,US,2021-04-15 20:23:03,34.6391,-120.4579,62.01,72,2,16.11
68,Cape Town,ZA,2021-04-15 20:22:12,-33.9258,18.4232,66.2,72,0,9.22
69,Saint-Philippe,RE,2021-04-15 20:22:56,-21.3585,55.7679,77.0,78,0,3.44
70,Sept-Iles,CA,2021-04-15 20:23:04,50.2001,-66.3821,46.99,53,20,19.57
71,Abatskoye,RU,2021-04-15 20:23:04,56.2875,70.4555,51.15,85,42,12.55
72,Bambous Virieux,MU,2021-04-15 20:23:05,-20.3428,57.7575,78.01,94,75,5.75
73,Lazaro Cardenas,MX,2021-04-15 20:23:05,17.9583,-102.2,85.51,48,0,11.36
74,Bethel,US,2021-04-15 20:23:05,41.3712,-73.414,50.0,96,100,1.99
75,Punta Arenas,CL,2021-04-15 20:23:06,-53.15,-70.9167,53.6,66,75,11.5
76,Haines Junction,CA,2021-04-15 20:23:06,60.7522,-137.5108,44.6,39,87,4.61
77,Barrow,US,2021-04-15 20:22:19,71.2906,-156.7887,10.4,79,40,5.75
78,Orcopampa,PE,2021-04-15 20:23:06,-15.2661,-72.3417,60.71,25,20,8.61
79,Kapaa,US,2021-04-15 20:23:07,22.0752,-159.319,78.8,61,40,9.22
80,Salalah,OM,2021-04-15 20:23:07,17.0151,54.0924,80.6,78,0,4.61
81,Saint-Pierre,RE,2021-04-15 20:22:32,-21.3393,55.4781,77.0,78,0,3.44
82,Linxia,CN,2021-04-15 20:23:08,35.6003,103.2064,40.73,69,25,2.71
83,Acari,PE,2021-04-15 20:23:08,-15.4311,-74.6158,78.3,56,73,9.66
84,Bilma,NE,2021-04-15 20:23:08,18.6853,12.9164,88.34,6,7,9.57
85,Gardabani,GE,2021-04-15 20:23:09,41.4605,45.0928,50.0,76,0,6.91
86,Matadi,CD,2021-04-15 20:23:09,-5.8167,13.45,77.09,90,100,1.43
87,Bengkulu,ID,2021-04-15 20:23:09,-3.8004,102.2655,73.72,90,100,5.32
88,Cherskiy,RU,2021-04-15 20:22:27,68.75,161.3,16.3,94,100,6.13
89,Gigmoto,PH,2021-04-15 20:23:10,13.7796,124.39,78.91,88,100,7.34
90,Altay,CN,2021-04-15 20:23:10,47.8667,88.1167,42.51,39,0,6.49
91,Bentiu,SS,2021-04-15 20:23:10,9.2333,29.8333,87.87,10,87,3.31
92,Valdivia,CL,2021-04-15 20:23:11,-39.8142,-73.2459,60.8,77,75,4.7
93,Pangnirtung,CA,2021-04-15 20:23:11,66.1451,-65.7125,3.2,60,20,11.5
94,Varkaus,FI,2021-04-15 20:23:11,62.3153,27.873,37.99,69,0,1.14
95,Saskylakh,RU,2021-04-15 20:22:07,71.9167,114.0833,-13.85,100,95,5.64
96,College,US,2021-04-15 20:23:12,64.8569,-147.8028,46.4,42,40,1.61
97,Ust-Kuyga,RU,2021-04-15 20:23:12,70.0167,135.6,-13.56,99,100,3.2
98,Hualmay,PE,2021-04-15 20:23:12,-11.0964,-77.6139,71.91,73,99,10.29
99,Albany,US,2021-04-15 20:23:11,42.6001,-73.9662,48.99,76,100,5.01
100,Chuy,UY,2021-04-15 20:23:13,-33.6971,-53.4616,69.03,87,100,4.56
101,Bardiyah,LY,2021-04-15 20:23:13,31.7561,25.0865,63.16,77,17,7.47
102,Anadyr,RU,2021-04-15 20:23:13,64.75,177.4833,21.2,79,20,20.13
103,Aklavik,CA,2021-04-15 20:23:14,68.2191,-135.0107,19.4,73,90,6.91
104,Zhigansk,RU,2021-04-15 20:23:14,66.7697,123.3711,12.43,96,98,8.61
105,Atuona,PF,2021-04-15 20:22:17,-9.8,-139.0333,81.16,66,35,19.15
106,Kunming,CN,2021-04-15 20:23:14,25.0389,102.7183,55.4,54,0,6.71
107,Salgado,BR,2021-04-15 20:23:15,-11.0319,-37.475,78.8,78,75,10.36
108,Coahuayana,MX,2021-04-15 20:23:15,18.7333,-103.6833,89.6,40,1,11.5
109,Aksarka,RU,2021-04-15 20:23:15,66.5606,67.7975,8.04,75,16,17.02
110,San Patricio,US,2021-04-15 20:22:25,28.017,-97.5169,72.0,100,90,21.85
111,East London,ZA,2021-04-15 20:22:07,-33.0153,27.9116,67.17,75,100,24.61
112,Muravlenko,RU,2021-04-15 20:23:16,63.7898,74.523,25.97,92,53,16.75
113,Esperance,AU,2021-04-15 20:23:11,-33.8667,121.9,50.0,93,40,6.91
114,Severo-Kurilsk,RU,2021-04-15 20:23:16,50.6789,156.125,28.63,67,35,17.52
115,Kieta,PG,2021-04-15 20:23:16,-6.2167,155.6333,79.23,85,84,2.77
116,Kaputa,ZM,2021-04-15 20:23:17,-8.4689,29.6619,68.45,90,95,3.2
117,New Norfolk,AU,2021-04-15 20:23:17,-42.7826,147.0587,43.0,83,45,1.99
118,Bella Union,UY,2021-04-15 20:23:17,-30.2752,-57.6007,77.25,70,92,1.72
119,Asau,RO,2021-04-15 20:23:18,46.4333,26.4,39.0,47,16,2.68
120,Crixas,BR,2021-04-15 20:23:18,-14.5489,-49.9692,84.07,64,95,3.87
121,Roald,NO,2021-04-15 20:23:19,62.5833,6.1333,39.99,93,0,3.44
122,Jutai,BR,2021-04-15 20:23:19,-5.1833,-68.9,86.0,68,31,1.48
123,Santa Rosa,PH,2021-04-15 20:23:19,14.3122,121.1114,80.6,78,20,6.44
124,Yantal,RU,2021-04-15 20:23:19,56.8471,105.2542,26.73,87,100,11.25
125,Norman Wells,CA,2021-04-15 20:23:20,65.282,-126.8329,44.6,53,40,9.22
126,Prince Rupert,CA,2021-04-15 20:23:20,54.3161,-130.3201,50.0,71,1,5.75
127,Seoul,KR,2021-04-15 20:20:29,37.5683,126.9778,51.8,62,90,3.44
128,Alegrete,BR,2021-04-15 20:23:21,-29.7831,-55.7919,80.08,58,49,7.07
129,Airai,TL,2021-04-15 20:21:54,-8.9266,125.4092,56.32,78,84,2.28
130,Georgetown,MY,2021-04-15 20:21:58,5.4112,100.3354,81.0,89,20,3.44
131,Pingliang,CN,2021-04-15 20:23:21,35.5392,106.6861,44.35,25,100,4.88
132,Caravelas,BR,2021-04-15 20:23:22,-17.7125,-39.2481,77.63,59,98,10.51
133,Phan Thiet,VN,2021-04-15 20:23:22,10.9333,108.1,77.59,84,45,2.73
134,General Teran,MX,2021-04-15 20:23:22,25.2667,-99.6833,97.12,33,0,6.62
135,El Reno,US,2021-04-15 20:23:22,35.5323,-97.955,55.0,58,90,9.22
136,Kichera,RU,2021-04-15 20:23:23,55.9375,110.0997,17.02,85,100,2.57
137,Port Lincoln,AU,2021-04-15 20:23:23,-34.7333,135.8667,57.99,83,10,5.17
138,Ucluelet,CA,2021-04-15 20:23:23,48.9329,-125.5528,62.01,36,1,5.75
139,Bukoba,TZ,2021-04-15 20:23:24,-1.3317,31.8122,68.0,94,20,7.43
140,Tasiilaq,GL,2021-04-15 20:23:24,65.6145,-37.6368,28.4,86,90,19.57
141,Erenhot,CN,2021-04-15 20:23:24,43.6475,111.9767,32.34,41,55,8.86
142,Kodiak,US,2021-04-15 20:23:25,57.79,-152.4072,39.2,87,90,9.22
143,Inta,RU,2021-04-15 20:23:25,66.0317,60.1659,15.55,89,17,5.1
144,Tuktoyaktuk,CA,2021-04-15 20:23:25,69.4541,-133.0374,19.4,93,90,13.8
145,Guerrero Negro,MX,2021-04-15 20:23:25,27.9769,-114.0611,65.79,50,94,17.65
146,Katsuura,JP,2021-04-15 20:23:26,35.1333,140.3,52.0,66,75,9.22
147,San Quintin,MX,2021-04-15 20:23:26,30.4833,-115.95,61.95,58,100,18.25
148,Warmbad,NA,2021-04-15 20:23:26,-28.45,18.7333,81.95,22,92,6.22
149,Tunduma,TZ,2021-04-15 20:23:27,-9.3,32.7667,59.04,98,100,5.73
150,Lebu,CL,2021-04-15 20:22:57,-37.6167,-73.65,59.02,76,56,11.99
151,Namtsy,RU,2021-04-15 20:23:27,62.7161,129.6658,6.8,85,0,4.47
152,Ahipara,NZ,2021-04-15 20:23:27,-35.1667,173.1667,62.51,82,1,6.06
153,Souillac,MU,2021-04-15 20:23:28,-20.5167,57.5167,77.0,94,75,5.75
154,Ilulissat,GL,2021-04-15 20:23:28,69.2167,-51.1,12.2,67,90,6.91
155,Hithadhoo,MV,2021-04-15 20:22:30,-0.6,73.0833,82.36,69,57,4.7
156,Kruisfontein,ZA,2021-04-15 20:23:29,-34.0033,24.7314,64.99,74,100,5.01
157,Sitka,US,2021-04-15 20:23:07,57.0531,-135.33,44.6,87,75,4.61
158,Evensk,RU,2021-04-15 20:23:29,61.95,159.2333,22.23,95,100,3.94
159,Simbahan,PH,2021-04-15 20:23:29,6.3032,120.5836,82.81,76,99,11.63
160,Vestmannaeyjar,IS,2021-04-15 20:23:30,63.4427,-20.2734,46.78,95,100,31.88
161,Saint-Augustin,CA,2021-04-15 20:22:16,51.226,-58.6502,37.08,81,98,15.1
162,Jamame,SO,2021-04-15 20:23:30,0.0722,42.7506,82.31,76,100,8.52
163,Seddon,AU,2021-04-15 20:23:30,-37.8068,144.8916,55.99,87,90,6.91
164,Nemuro,JP,2021-04-15 20:23:31,43.3236,145.575,36.05,69,0,6.6
165,Alyangula,AU,2021-04-15 20:23:31,-13.8483,136.4192,69.8,100,23,4.76
166,Basco,PH,2021-04-15 20:23:32,20.4487,121.9702,78.44,76,37,7.29
167,Imbituba,BR,2021-04-15 20:23:32,-28.24,-48.6703,77.0,53,40,10.36
168,Vinh Yen,VN,2021-04-15 20:23:32,21.31,105.5967,77.0,100,75,3.44
169,Kattivakkam,IN,2021-04-15 20:23:33,13.2167,80.3167,78.8,83,40,3.44
170,Tripoli,LY,2021-04-15 20:22:12,32.8752,13.1875,65.05,61,98,28.68
171,Wabash,US,2021-04-15 20:23:33,40.7978,-85.8205,46.0,72,100,8.99
172,Tigil,RU,2021-04-15 20:23:33,57.8,158.6667,26.67,96,100,9.69
173,Teya,RU,2021-04-15 20:21:15,60.3778,92.6267,37.72,97,100,17.25
174,Talnakh,RU,2021-04-15 20:23:34,69.4865,88.3972,-6.52,93,100,21.41
175,Mecca,SA,2021-04-15 20:22:08,21.4267,39.8261,82.51,44,100,2.19
176,Avarua,CK,2021-04-15 20:22:31,-21.2078,-159.775,82.4,74,15,8.05
177,Tifton,US,2021-04-15 20:23:34,31.4505,-83.5085,69.8,73,90,9.22
178,Cayenne,GF,2021-04-15 20:23:34,4.9333,-52.3333,82.4,78,90,10.36
179,Grand Gaube,MU,2021-04-15 20:23:35,-20.0064,57.6608,78.01,86,76,7.0
180,Saint George,US,2021-04-15 20:23:35,37.1041,-113.5841,68.0,16,20,11.5
181,Thompson,CA,2021-04-15 20:23:10,55.7435,-97.8558,44.6,21,75,4.21
182,Torbay,CA,2021-04-15 20:22:53,47.6666,-52.7314,33.01,93,90,21.85
183,Hilo,US,2021-04-15 20:21:46,19.7297,-155.09,77.0,57,90,4.27
184,Oranjestad,AW,2021-04-15 20:19:46,12.524,-70.027,84.2,79,75,24.16
185,Hovd,MN,2021-04-15 20:23:36,48.0056,91.6419,37.13,42,3,2.28
186,Banyumas,ID,2021-04-15 20:23:36,-7.5142,109.2942,74.95,92,83,1.7
187,Khatanga,RU,2021-04-15 20:23:36,71.9667,102.5,9.68,94,100,12.64
188,Waingapu,ID,2021-04-15 20:23:37,-9.6567,120.2641,75.63,76,100,3.91
189,Starosubkhangulovo,RU,2021-04-15 20:19:18,53.1031,57.4423,36.14,95,1,1.81
190,Laurel,US,2021-04-15 20:23:37,39.0993,-76.8483,63.0,41,40,13.8
191,Mount Pleasant,US,2021-04-15 20:21:20,32.7941,-79.8626,75.99,60,75,10.36
192,Capao Da Canoa,BR,2021-04-15 20:23:37,-29.7456,-50.0097,73.18,71,96,12.88
193,Concepcion,CL,2021-04-15 20:18:49,-36.827,-73.0498,66.2,68,0,10.36
194,San Carlos De Bariloche,AR,2021-04-15 20:20:27,-41.1456,-71.3082,68.0,29,0,17.27
195,Teluk Nibung,ID,2021-04-15 20:23:38,3.001,99.8164,74.77,94,100,4.45
196,Kolyvan,RU,2021-04-15 20:23:38,55.3053,82.7391,44.6,70,0,11.18
197,Rabo De Peixe,PT,2021-04-15 20:23:39,37.8,-25.5833,62.6,88,40,8.05
198,Port Alfred,ZA,2021-04-15 20:22:12,-33.5906,26.891,67.66,55,98,23.98
199,Yerbogachen,RU,2021-04-15 20:23:39,61.2767,108.0108,26.06,93,100,15.79
200,Werda,BW,2021-04-15 20:23:39,-25.2667,23.2833,76.71,27,6,4.56
201,Mar Del Plata,AR,2021-04-15 20:22:00,-38.0023,-57.5575,73.4,68,20,9.22
202,Castro,BR,2021-04-15 20:23:02,-24.7911,-50.0119,67.93,69,83,6.22
203,Chokurdakh,RU,2021-04-15 20:22:29,70.6333,147.9167,-20.85,100,65,1.28
204,Saijo,JP,2021-04-15 20:23:40,33.9167,133.1833,48.99,68,91,2.86
205,Narsaq,GL,2021-04-15 20:23:40,60.9167,-46.05,35.6,38,75,20.71
206,Nanortalik,GL,2021-04-15 20:23:41,60.1432,-45.2371,27.77,73,28,40.09
207,Vardo,NO,2021-04-15 20:23:41,70.3705,31.1107,32.0,93,75,6.91
208,Neiafu,TO,2021-04-15 20:23:41,-18.65,-173.9833,77.0,83,20,2.3
209,Hofn,IS,2021-04-15 20:22:22,64.2539,-15.2082,45.05,97,100,26.33
210,Labuhan,ID,2021-04-15 20:23:42,-6.8844,112.2051,76.75,87,86,5.37
211,Zapolyarnyy,RU,2021-04-15 20:21:13,69.4154,30.8136,32.0,93,20,1.14
212,Dukat,RU,2021-04-15 20:23:42,62.55,155.55,12.9,95,100,4.45
213,Gold Coast,AU,2021-04-15 20:23:43,-28.0,153.4333,64.0,94,4,4.61
214,Drexel Heights,US,2021-04-15 20:20:29,32.1412,-111.0284,81.0,9,1,8.05
215,Tautira,PF,2021-04-15 20:23:43,-17.7333,-149.15,87.8,66,40,19.57
216,Rock Sound,BS,2021-04-15 20:23:44,24.9,-76.2,72.52,65,5,7.7
217,San Sebastian,ES,2021-04-15 20:20:13,43.3128,-1.975,50.0,66,0,4.61
218,Arona,ES,2021-04-15 20:23:44,28.0996,-16.681,69.8,68,75,4.61
219,Komsomolskiy,UZ,2021-04-15 20:22:32,40.4272,71.7189,59.0,58,100,4.61
220,El Tocuyo,VE,2021-04-15 20:23:44,9.7873,-69.7937,87.8,42,75,9.22
221,Kavaratti,IN,2021-04-15 20:23:45,10.5669,72.642,83.95,71,4,6.69
222,Arman,RU,2021-04-15 20:23:45,59.7,150.1667,19.44,90,100,5.59
223,Nandigama,IN,2021-04-15 20:23:45,16.7833,80.3,81.55,72,60,6.22
224,Araouane,ML,2021-04-15 20:23:46,18.9048,-3.5265,92.19,9,6,10.09
225,Arraial Do Cabo,BR,2021-04-15 20:23:46,-22.9661,-42.0278,78.8,61,0,10.36
226,Hobyo,SO,2021-04-15 20:23:08,5.3505,48.5268,82.45,64,44,11.92
227,Kitimat,CA,2021-04-15 20:23:46,54.0524,-128.6534,66.0,47,84,2.66
228,Shenjiamen,CN,2021-04-15 20:23:47,29.9576,122.298,54.81,88,14,4.94
229,Hervey Bay,AU,2021-04-15 20:23:47,-25.2986,152.8535,63.0,88,0,3.0
230,Sulangan,PH,2021-04-15 20:23:47,11.1373,123.7228,81.45,81,100,13.87
231,Klaksvik,FO,2021-04-15 20:22:57,62.2266,-6.589,44.6,93,90,16.11
232,Kletskaya,RU,2021-04-15 20:23:48,49.3145,43.0584,54.48,64,2,7.25
233,Bundaberg,AU,2021-04-15 20:23:48,-24.85,152.35,64.99,94,2,4.61
234,Qasigiannguit,GL,2021-04-15 20:22:24,68.8193,-51.1922,12.2,67,90,6.91
235,Rathdrum,US,2021-04-15 20:23:48,47.8137,-116.892,64.0,27,1,16.11
236,Harper,LR,2021-04-15 20:23:49,4.375,-7.7169,81.79,77,85,7.92
237,Cap Malheureux,MU,2021-04-15 20:23:49,-19.9842,57.6142,78.01,86,78,7.0
238,Dudinka,RU,2021-04-15 20:23:49,69.4058,86.1778,-12.12,92,100,19.26
239,Novogornyy,RU,2021-04-15 20:23:49,55.63,60.7919,48.2,46,0,6.71
240,Nouadhibou,MR,2021-04-15 20:23:50,20.931,-17.0347,68.0,77,0,20.71
241,Marawi,PH,2021-04-15 20:23:50,7.9986,124.2928,75.99,92,100,1.99
242,Xinpu,CN,2021-04-15 20:23:50,34.5997,119.1594,53.62,94,97,5.55
243,Beringovskiy,RU,2021-04-15 20:23:51,63.05,179.3167,26.24,93,100,12.68
244,Brewster,US,2021-04-15 20:23:51,41.3973,-73.6171,50.0,96,100,9.82
245,Nyurba,RU,2021-04-15 20:23:51,63.2842,118.3319,10.15,96,63,5.39
246,Codrington,AU,2021-04-15 20:22:11,-38.2667,141.9667,54.59,56,100,9.46
247,Isla Vista,US,2021-04-15 20:23:52,34.4133,-119.861,64.99,59,1,8.05
248,Baruun-Urt,MN,2021-04-15 20:23:52,46.6806,113.2792,25.16,54,98,13.6
249,Belyy Yar,RU,2021-04-15 20:23:17,53.6039,91.3903,33.8,80,13,5.19
250,Faanui,PF,2021-04-15 20:21:56,-16.4833,-151.75,82.2,74,21,14.16
251,The Valley,AI,2021-04-15 20:23:52,18.217,-63.0578,84.2,61,20,12.66
252,Totolapa,MX,2021-04-15 20:23:53,18.5167,-96.1833,93.2,43,75,13.8
253,Nantucket,US,2021-04-15 20:22:00,41.2835,-70.0995,46.4,76,90,18.41
254,Talavera De La Reina,ES,2021-04-15 20:23:54,39.9635,-4.8308,56.75,65,97,5.06
255,Petropavlovsk-Kamchatskiy,RU,2021-04-15 20:23:54,53.0452,158.6483,32.0,100,90,2.24
256,Yumen,CN,2021-04-15 20:23:54,40.2833,97.2,44.08,15,0,7.96
257,Kuryk,KZ,2021-04-15 20:23:54,43.2,51.65,54.5,69,54,6.42
258,Raudeberg,NO,2021-04-15 20:23:55,61.9875,5.1352,39.0,86,100,3.6
259,Minsk,BY,2021-04-15 20:21:36,53.9,27.5667,42.8,100,90,8.95
260,Batemans Bay,AU,2021-04-15 20:23:55,-35.7167,150.1833,55.99,77,51,1.01
261,Masterton,NZ,2021-04-15 20:23:56,-40.9597,175.6575,63.0,83,4,8.99
262,Bay Roberts,CA,2021-04-15 20:23:56,47.5999,-53.2648,35.01,84,100,8.01
263,Mount Gambier,AU,2021-04-15 20:23:16,-37.8333,140.7667,46.4,93,90,6.91
264,Oriximina,BR,2021-04-15 20:23:56,-1.7656,-55.8661,86.67,65,100,3.27
265,Okato,NZ,2021-04-15 20:23:57,-39.2,173.8833,55.99,90,47,3.0
266,Ekibastuz,KZ,2021-04-15 20:23:57,51.6667,75.3667,51.57,56,0,5.46
267,Ahuimanu,US,2021-04-15 20:23:57,21.4447,-157.8378,80.6,60,40,10.36
268,Novyy Yegorlyk,RU,2021-04-15 20:23:58,46.3927,41.8716,54.39,76,100,6.15
269,Sebastian,US,2021-04-15 20:23:58,35.1668,-94.2669,66.2,39,75,3.44
270,Aguada De Cima,PT,2021-04-15 20:23:58,40.5229,-8.427,62.01,74,94,4.14
271,Atlantic City,US,2021-04-15 20:23:44,39.3643,-74.4229,60.8,77,75,5.75
272,Akdepe,TM,2021-04-15 20:23:21,42.0551,59.3788,60.8,38,0,2.3
273,Zhanaozen,KZ,2021-04-15 20:23:59,43.3,52.8,55.33,58,27,8.66
274,Novoagansk,RU,2021-04-15 20:23:59,61.9449,76.6625,31.66,79,100,9.42
275,Amahai,ID,2021-04-15 20:24:00,-3.3333,128.9167,78.01,92,100,2.35
276,Faya,SA,2021-04-15 20:24:00,18.3851,42.4509,64.4,59,40,11.5
277,Port Blair,IN,2021-04-15 20:24:00,11.6667,92.75,82.24,74,99,5.26
278,Teknaf,BD,2021-04-15 20:24:01,20.8624,92.3058,79.11,84,99,2.91
279,Yermakovskoye,RU,2021-04-15 20:24:01,53.2831,92.4003,31.8,94,35,2.08
280,Shaoyang,CN,2021-04-15 20:24:01,27.2315,111.4525,59.97,94,100,0.74
281,Emerald,AU,2021-04-15 20:24:01,-23.5333,148.1667,60.8,77,0,4.61
282,Tura,IN,2021-04-15 20:24:02,25.5198,90.2201,77.27,44,100,5.46
283,Ambo,PE,2021-04-15 20:24:02,-10.1308,-76.2047,71.29,66,96,8.23
284,Garowe,SO,2021-04-15 20:24:02,8.4054,48.4845,76.1,71,8,12.53
285,Bandarbeyla,SO,2021-04-15 20:23:43,9.4942,50.8122,80.8,78,43,8.72
286,Namibe,AO,2021-04-15 20:24:03,-15.1961,12.1522,80.44,81,8,8.1
287,Constitucion,CL,2021-04-15 20:22:27,-35.3333,-72.4167,66.63,62,6,14.45
288,Kavieng,PG,2021-04-15 20:24:03,-2.5744,150.7967,80.06,81,100,7.0
289,Pevek,RU,2021-04-15 20:24:03,69.7008,170.3133,18.99,77,100,23.02
290,Gladstone,AU,2021-04-15 20:24:04,-23.85,151.25,62.6,88,5,6.91
291,Maniitsoq,GL,2021-04-15 20:24:04,65.4167,-52.9,15.98,71,94,27.89
292,Presidencia Roque Saenz Pena,AR,2021-04-15 20:24:04,-26.7852,-60.4388,76.95,75,96,6.85
293,Trelew,AR,2021-04-15 20:24:05,-43.249,-65.3051,69.67,20,0,9.1
294,Monster,NL,2021-04-15 20:24:05,52.0258,4.175,45.0,65,98,4.61
295,Cabo San Lucas,MX,2021-04-15 20:22:51,22.8909,-109.9124,87.01,23,40,12.66
296,Najran,SA,2021-04-15 20:24:05,17.4924,44.1277,84.2,18,83,4.61
297,Ust-Tsilma,RU,2021-04-15 20:24:06,65.441,52.1498,29.41,88,96,3.85
298,Babaeski,TR,2021-04-15 20:24:06,41.4325,27.0931,44.15,92,52,4.21
299,Eureka,US,2021-04-15 20:24:06,40.8021,-124.1637,61.0,66,0,8.99
300,Keti Bandar,PK,2021-04-15 20:24:06,24.1447,67.4497,80.62,77,0,10.02
301,La Ronge,CA,2021-04-15 20:24:07,55.1001,-105.2842,51.8,34,1,10.36
302,Adrar,MR,2021-04-15 20:24:07,20.5022,-10.0711,83.05,18,23,10.63
303,Krasnyy Chikoy,RU,2021-04-15 20:24:07,50.3643,108.7512,26.49,83,91,10.0
304,Kaniama,CD,2021-04-15 20:24:08,-7.5667,24.1833,66.29,93,100,3.94
305,Valentigney,FR,2021-04-15 20:24:08,47.4639,6.8317,36.0,69,0,9.22
306,Caceres,ES,2021-04-15 20:21:43,39.522,-6.3748,57.83,70,100,5.57
307,Jiazi,CN,2021-04-15 20:24:08,22.8779,116.067,68.85,82,100,11.61
308,Matata,NZ,2021-04-15 20:24:09,-37.8833,176.75,57.99,85,0,7.54
309,Matara,LK,2021-04-15 20:22:52,5.9485,80.5353,77.61,87,98,4.05
310,Sterling,US,2021-04-15 20:24:09,39.0062,-77.4286,62.6,39,75,20.71
311,Bambanglipuro,ID,2021-04-15 20:24:09,-7.95,110.2833,75.92,87,96,2.3
312,Roma,US,2021-04-15 20:21:21,43.2128,-75.4557,42.8,81,90,12.66
313,Puerto Madryn,AR,2021-04-15 20:24:10,-42.7692,-65.0385,67.15,30,0,3.31
314,Sur,OM,2021-04-15 20:24:10,22.5667,59.5289,85.08,40,76,13.02
315,Nagapattinam,IN,2021-04-15 20:24:10,10.7667,79.8333,75.43,79,100,7.85
316,Iracoubo,GF,2021-04-15 20:24:11,5.4802,-53.2011,79.34,84,98,14.63
317,Conceicao Do Araguaia,BR,2021-04-15 20:19:34,-8.2578,-49.2647,75.2,94,90,5.75
318,Zhangye,CN,2021-04-15 20:24:11,38.9342,100.4517,44.44,20,0,1.83
319,Diamantino,BR,2021-04-15 20:24:11,-14.4086,-56.4461,78.33,73,95,3.58
320,Wonthaggi,AU,2021-04-15 20:24:12,-38.6044,145.5913,52.0,87,100,8.77
321,Severnoye,RU,2021-04-15 20:24:12,56.3491,78.3619,39.42,99,100,8.7
322,Flums,CH,2021-04-15 20:24:12,47.0906,9.343,36.0,91,91,1.99
323,Warwick,US,2021-04-15 20:22:48,41.7001,-71.4162,48.99,66,90,9.22
324,Sheridan,US,2021-04-15 20:24:13,44.8333,-106.9173,35.6,75,90,4.61
325,Casablanca,MA,2021-04-15 20:21:04,33.5928,-7.6192,66.2,77,75,8.05
326,Casambalangan,PH,2021-04-15 20:24:13,18.3765,122.1274,77.74,79,32,6.91
327,Aquiraz,BR,2021-04-15 20:24:14,-3.9014,-38.3911,84.2,74,40,11.5
328,Katobu,ID,2021-04-15 20:24:14,-4.9408,122.5276,72.54,94,100,2.33
329,Magadi,IN,2021-04-15 20:24:14,12.9667,77.2333,71.6,83,40,2.3
330,Yulin,CN,2021-04-15 20:24:14,22.6333,110.15,75.24,88,100,2.53
331,Ikirun,NG,2021-04-15 20:24:15,7.9167,4.6667,77.0,83,20,6.91
332,Beloit,US,2021-04-15 20:24:15,42.5084,-89.0318,51.8,50,90,12.66
333,Naze,JP,2021-04-15 20:24:15,28.3667,129.4833,64.18,80,100,7.49
334,Salta,AR,2021-04-15 20:24:16,-24.7859,-65.4117,78.8,50,40,10.36
335,Pandan,PH,2021-04-15 20:24:16,14.0453,124.1694,78.1,88,100,8.05
336,Talara,PE,2021-04-15 20:24:16,-4.5772,-81.2719,82.4,61,40,16.11
337,Poum,NC,2021-04-15 20:24:17,-20.2333,164.0167,78.39,80,92,4.81
338,Mersing,MY,2021-04-15 20:24:17,2.4312,103.8405,73.4,94,100,5.75
339,Terrace,CA,2021-04-15 20:24:17,54.5163,-128.6035,62.6,31,75,11.5
340,Khasan,RU,2021-04-15 20:24:18,42.4308,130.6434,42.33,92,40,13.47
341,Karaton,ID,2021-04-15 20:24:18,-6.3424,106.1045,79.0,88,20,3.44
342,Rocha,UY,2021-04-15 20:24:18,-34.4833,-54.3333,70.43,82,35,8.05
343,Constantine,DZ,2021-04-15 20:24:18,36.365,6.6147,53.6,94,75,14.97
344,Balikpapan,ID,2021-04-15 20:22:52,-1.2675,116.8289,74.28,90,97,4.54
345,Kalemie,CD,2021-04-15 20:24:19,-5.9475,29.1947,71.33,87,100,2.91
346,Kalispell,US,2021-04-15 20:24:19,48.1958,-114.3129,60.01,30,20,8.05
347,Greece,US,2021-04-15 20:24:19,43.2098,-77.6931,45.0,61,90,13.8
348,Oeiras Do Para,BR,2021-04-15 20:24:20,-2.0031,-49.8544,83.88,75,99,2.86
349,Bosaso,SO,2021-04-15 20:24:20,11.2842,49.1816,80.91,72,0,1.45
350,Nelson Bay,AU,2021-04-15 20:24:20,-32.7167,152.15,57.99,77,11,3.44
351,Lerwick,GB,2021-04-15 20:24:21,60.1545,-1.1494,44.6,76,100,8.05
352,Kouroussa,GN,2021-04-15 20:24:21,10.65,-9.8833,92.48,24,55,4.45
353,Coquimbo,CL,2021-04-15 20:22:29,-29.9533,-71.3436,60.8,77,75,12.66
354,Tezu,IN,2021-04-15 20:24:21,27.9167,96.1667,74.62,42,100,3.76
355,Muros,ES,2021-04-15 20:23:09,42.7762,-9.0603,55.99,41,7,8.99
356,Quatre Cocos,MU,2021-04-15 20:24:22,-20.2078,57.7625,79.0,94,75,5.75
357,Opuwo,NA,2021-04-15 20:24:22,-18.0607,13.84,70.41,58,99,1.48
358,Trussville,US,2021-04-15 20:24:22,33.6198,-86.6089,71.6,37,40,11.5
359,Broken Hill,AU,2021-04-15 20:24:16,-31.95,141.4333,51.8,71,100,8.05
360,Santa Marta,CO,2021-04-15 20:24:23,11.2408,-74.199,91.0,61,71,10.0
361,Olafsvik,IS,2021-04-15 20:24:23,64.8945,-23.7142,44.35,97,100,20.51
362,Teguise,ES,2021-04-15 20:24:23,29.0605,-13.564,68.0,68,20,11.5
363,Aksu,CN,2021-04-15 20:24:23,41.1231,80.2644,60.82,28,96,3.78
364,Taurage,LT,2021-04-15 20:24:24,55.2522,22.2897,45.21,56,100,11.14
365,Valparaiso,CL,2021-04-15 20:24:24,-33.0393,-71.6273,60.8,72,3,4.61
366,Gat,IL,2021-04-15 20:24:24,31.61,34.7642,69.01,68,100,5.03
367,Sungaipenuh,ID,2021-04-15 20:24:25,-2.0833,101.3833,63.23,96,100,2.42
368,Cabra,ES,2021-04-15 20:24:25,37.4725,-4.4421,57.2,94,90,3.44
369,Dingle,PH,2021-04-15 20:21:49,10.9995,122.6711,76.32,89,100,5.06
370,Calama,CL,2021-04-15 20:24:25,-22.4667,-68.9333,73.4,20,0,23.02
371,Kahului,US,2021-04-15 20:24:26,20.8947,-156.47,78.8,57,40,16.11
372,Acapulco,MX,2021-04-15 20:21:09,16.8634,-99.8901,86.0,66,40,10.36
373,Gazanjyk,TM,2021-04-15 20:24:26,39.2446,55.5154,68.36,39,13,7.23
374,Izumo,JP,2021-04-15 20:24:26,35.3667,132.7667,46.4,71,20,3.44
375,Nanyamba,TZ,2021-04-15 20:24:27,-10.6833,39.8333,73.4,100,40,11.5
376,Keuruu,FI,2021-04-15 20:24:27,62.2667,24.7,35.6,60,0,2.53
377,Grindavik,IS,2021-04-15 20:24:27,63.8424,-22.4338,46.4,100,90,29.93
378,Magadan,RU,2021-04-15 20:24:27,59.5667,150.8,18.79,90,100,7.02
379,Yar-Sale,RU,2021-04-15 20:24:28,66.8333,70.8333,-0.45,88,52,15.14
380,Port Augusta,AU,2021-04-15 20:24:28,-32.5,137.7667,57.2,100,90,4.61
381,Havre-Saint-Pierre,CA,2021-04-15 20:24:28,50.2334,-63.5986,39.2,75,1,12.66
382,Minab,IR,2021-04-15 20:24:29,27.1467,57.0801,80.6,74,89,9.22
383,Ranau,MY,2021-04-15 20:24:29,5.9538,116.6641,77.0,88,20,5.75
384,Padang,ID,2021-04-15 20:24:29,-0.9492,100.3543,76.64,83,100,2.28
385,Tessalit,ML,2021-04-15 20:24:30,20.1986,1.0114,93.2,7,69,7.78
386,Barra Patuca,HN,2021-04-15 20:24:22,15.8,-84.2833,84.06,64,100,11.48
387,Flin Flon,CA,2021-04-15 20:24:30,54.7682,-101.865,44.6,33,75,6.91
388,Ketchikan,US,2021-04-15 20:24:30,55.3422,-131.6461,48.2,81,1,14.97
389,Henties Bay,NA,2021-04-15 20:24:31,-22.116,14.2845,78.01,56,37,1.99
390,Champua,IN,2021-04-15 20:24:31,22.0833,85.6667,81.3,32,85,5.73
391,Mana,GF,2021-04-15 20:24:31,5.6592,-53.7767,81.41,78,80,12.33
392,Shache,CN,2021-04-15 20:24:32,38.4167,77.2406,61.09,33,100,14.54
393,Sal Rei,CV,2021-04-15 20:24:32,16.1833,-22.9167,73.4,68,75,21.85
394,Kosa,RU,2021-04-15 20:24:32,59.9445,54.9977,32.72,80,46,5.14
395,Sao Filipe,CV,2021-04-15 20:23:00,14.8961,-24.4956,73.45,73,0,16.96
396,Vanimo,PG,2021-04-15 20:23:52,-2.6741,141.3028,76.6,89,83,4.12
397,Cidreira,BR,2021-04-15 20:24:33,-30.1811,-50.2056,73.29,69,100,13.04
398,Santa Cruz Del Sur,CU,2021-04-15 20:24:33,20.7147,-77.9956,84.29,43,9,15.9
399,Port Hardy,CA,2021-04-15 20:24:33,50.6996,-127.4199,51.8,66,1,5.75
400,San Pedro,PH,2021-04-15 20:24:17,14.35,121.0167,80.6,78,20,6.38
401,Velyka Lepetykha,UA,2021-04-15 20:24:34,47.1757,33.9436,44.89,88,100,14.81
402,Saint-Leu,RE,2021-04-15 20:24:34,-21.15,55.2833,77.0,78,0,3.44
403,Samarai,PG,2021-04-15 20:24:34,-10.6167,150.6667,79.81,81,99,0.74
404,Ixtapa,MX,2021-04-15 20:20:11,20.7,-105.2,80.6,74,1,11.5
405,Yining,CN,2021-04-15 20:22:58,29.0361,114.5636,58.89,95,19,1.3
406,Howard Springs,AU,2021-04-15 20:24:35,-12.497,131.047,77.0,88,75,3.44
407,Banjar,ID,2021-04-15 20:24:35,-8.19,114.9675,78.8,89,40,2.3
408,Kasongo-Lunda,CD,2021-04-15 20:24:35,-6.4667,16.8167,71.56,95,100,1.32
409,Male,MV,2021-04-15 20:24:36,4.1748,73.5089,84.2,79,40,6.91
410,Gusinoye Ozero,RU,2021-04-15 20:24:36,51.1144,106.2614,27.79,69,70,10.09
411,Tabas,IR,2021-04-15 20:24:36,33.5959,56.9244,70.75,36,3,3.74
412,Geraldton,AU,2021-04-15 20:24:37,-28.7667,114.6,62.6,55,2,17.27
413,Hay River,CA,2021-04-15 20:21:59,60.8156,-115.7999,53.6,35,59,13.8
414,Catamarca,AR,2021-04-15 20:24:37,-28.4696,-65.7852,80.01,68,17,1.99
415,Taiyuan,CN,2021-04-15 20:24:37,37.8694,112.5603,35.6,48,0,4.47
416,Kapit,MY,2021-04-15 20:24:38,2.0167,112.9333,72.09,99,73,0.85
417,Mantua,IT,2021-04-15 20:20:26,45.1667,10.7833,44.01,78,41,1.01
418,Kerrobert,CA,2021-04-15 20:24:38,51.9168,-109.1348,55.4,26,20,11.5
419,Elizabethtown,US,2021-04-15 20:24:38,37.694,-85.8591,57.99,41,75,9.22
420,Pacific Grove,US,2021-04-15 20:24:39,36.6177,-121.9166,63.0,59,1,11.5
421,Ballina,AU,2021-04-15 20:24:39,-28.8667,153.5667,60.01,94,40,2.3
422,Kushiro,JP,2021-04-15 20:24:39,42.975,144.3747,35.6,62,1,2.21
423,Yabrud,SY,2021-04-15 20:24:39,33.9674,36.6574,60.8,33,0,9.22
424,Port Elizabeth,ZA,2021-04-15 20:22:22,-33.918,25.5701,64.4,77,90,10.36
425,Hambantota,LK,2021-04-15 20:24:40,6.1241,81.1185,79.61,82,98,8.03
426,San Antonio,US,2021-04-15 20:21:24,29.4241,-98.4936,68.0,77,90,11.5
427,Palembang,ID,2021-04-15 20:24:40,-2.9167,104.7458,73.62,96,100,3.89
428,Nhulunbuy,AU,2021-04-15 20:24:40,-12.2333,136.7667,75.2,88,64,7.72
429,Snezhnogorsk,RU,2021-04-15 20:24:41,69.1933,33.2531,32.0,93,0,4.88
430,Itoman,JP,2021-04-15 20:24:41,26.1247,127.6694,68.0,88,75,9.22
431,El Alto,PE,2021-04-15 20:24:41,-4.2714,-81.2147,82.4,61,40,16.11
432,Egvekinot,RU,2021-04-15 20:23:55,66.3167,-179.1667,6.21,95,100,6.02
433,Sarny,UA,2021-04-15 20:24:42,51.338,26.6019,44.2,97,100,6.11
434,Nuevo Ideal,MX,2021-04-15 20:24:42,24.8875,-105.0728,83.44,5,35,16.69
435,Khash,IR,2021-04-15 20:24:42,28.2211,61.2158,62.53,49,53,0.4
436,Iqaluit,CA,2021-04-15 20:24:43,63.7506,-68.5145,8.6,66,75,17.27
437,Isangel,VU,2021-04-15 20:24:43,-19.55,169.2667,79.16,85,10,5.41
438,Aswan,EG,2021-04-15 20:24:43,24.0934,32.907,80.13,12,0,10.02
439,Karasjok,NO,2021-04-15 20:24:44,69.4719,25.5112,39.2,70,75,18.41
440,Tiznit,MA,2021-04-15 20:24:44,29.5833,-9.5,57.15,86,100,13.89
441,Siocon,PH,2021-04-15 20:24:44,7.7061,122.1353,78.55,88,96,4.09
442,Poindimie,NC,2021-04-15 20:24:44,-20.9333,165.3333,76.6,87,76,3.33
443,Erzurum,TR,2021-04-15 20:24:45,40.0,41.5,35.6,93,40,6.91
444,Arica,CL,2021-04-15 20:24:45,-18.475,-70.3042,69.8,68,0,13.8
445,Taree,AU,2021-04-15 20:24:45,-31.9,152.4667,60.8,82,48,5.75
446,Luderitz,NA,2021-04-15 20:24:46,-26.6481,15.1594,77.38,32,64,7.45
447,Bairiki,KI,2021-04-15 20:24:46,1.3292,172.9752,84.2,74,20,5.75
448,San Vicente,AR,2021-04-15 20:24:46,-26.6167,-54.1333,76.1,59,100,1.05
449,Little Current,CA,2021-04-15 20:24:46,45.9793,-81.9248,42.01,75,99,10.36
450,Omboue,GA,2021-04-15 20:22:23,-1.5746,9.2618,80.55,85,89,6.38
451,Homer,US,2021-04-15 20:24:47,59.6425,-151.5483,41.0,81,90,3.44
452,Dharchula,IN,2021-04-15 20:24:47,29.85,80.5333,61.59,31,15,7.94
453,Hami,CN,2021-04-15 20:24:47,42.8,93.45,52.21,15,14,8.75
454,Verkhnevilyuysk,RU,2021-04-15 20:24:48,63.4453,120.3167,8.24,96,30,4.61
455,Zhezkazgan,KZ,2021-04-15 20:24:48,47.8043,67.7144,52.95,45,0,12.28
456,Krasnoarmeysk,RU,2021-04-15 20:24:48,51.0239,45.6969,55.4,49,100,4.21
457,Novobirilyussy,RU,2021-04-15 20:24:49,56.9514,90.6661,38.95,95,100,11.74
458,North Bend,US,2021-04-15 20:22:51,43.4065,-124.2243,72.0,58,1,10.36
459,Noumea,NC,2021-04-15 20:24:16,-22.2763,166.4572,77.0,100,90,8.72
460,Thinadhoo,MV,2021-04-15 20:24:49,0.5333,72.9333,82.92,67,48,7.72
461,Salacgriva,LV,2021-04-15 20:24:49,57.7536,24.3581,45.0,47,99,8.99
462,Soyo,AO,2021-04-15 20:24:50,-6.1349,12.3689,80.55,82,100,3.56
463,Ancud,CL,2021-04-15 20:22:50,-41.8697,-73.8203,59.0,67,40,3.44
464,Ust-Kut,RU,2021-04-15 20:24:50,56.7938,105.7672,26.92,87,100,8.55
465,Forestville,US,2021-04-15 20:24:50,38.8451,-76.875,64.4,39,40,14.97
466,Rawson,AR,2021-04-15 20:24:14,-43.3002,-65.1023,67.48,28,0,6.46
467,Nalut,LY,2021-04-15 20:24:51,30.3333,10.85,82.26,17,44,20.65
468,Mataram,ID,2021-04-15 20:24:51,-8.5833,116.1167,75.2,94,40,5.93
469,Itarema,BR,2021-04-15 20:24:51,-2.9248,-39.9167,81.5,78,88,12.46
470,Chamba,IN,2021-04-15 20:24:52,32.5667,76.1333,61.65,47,27,11.12
471,Paamiut,GL,2021-04-15 20:24:52,61.994,-49.6678,22.59,71,99,38.45
472,Aconibe,GQ,2021-04-15 20:24:52,1.2968,10.9369,69.44,98,100,1.32
473,Kismayo,SO,2021-04-15 20:24:53,-0.3582,42.5454,83.03,77,85,11.92
474,Caetite,BR,2021-04-15 20:24:53,-14.0694,-42.475,78.08,40,100,6.46
475,Byron Bay,AU,2021-04-15 20:24:53,-28.65,153.6167,60.01,94,40,2.3
476,Shimoda,JP,2021-04-15 20:24:54,34.6667,138.95,51.01,77,100,9.53
477,Portland,US,2021-04-15 20:23:33,45.5234,-122.6762,73.0,24,20,9.22
478,Uribia,CO,2021-04-15 20:24:54,11.7139,-72.266,90.39,48,100,18.81
479,Dakoro,NE,2021-04-15 20:24:54,14.5106,6.765,84.49,6,0,7.16
480,Lata,PT,2021-04-15 20:24:55,40.1629,-8.3327,61.0,91,42,8.01
481,Comodoro Rivadavia,AR,2021-04-15 20:20:22,-45.8667,-67.5,69.8,35,0,10.36
482,San Juan,AR,2021-04-15 20:20:41,-31.5375,-68.5364,83.55,24,0,10.18
483,Humberto De Campos,BR,2021-04-15 20:24:55,-2.5983,-43.4611,82.09,77,87,7.02
484,Vao,NC,2021-04-15 20:24:55,-22.6667,167.4833,74.88,83,100,19.93
485,Monte Alegre,BR,2021-04-15 20:24:56,-2.0078,-54.0692,87.55,58,100,6.06
486,Fairbanks,US,2021-04-15 20:21:24,64.8378,-147.7164,46.4,56,40,2.3
487,Lakes Entrance,AU,2021-04-15 20:24:56,-37.8811,147.981,51.01,90,33,12.46
488,San Felipe,VE,2021-04-15 20:24:56,10.3399,-68.7425,85.19,61,100,6.24
489,Kyzyl-Suu,KG,2021-04-15 20:24:57,42.3414,78.0056,47.61,49,100,4.21
490,Touros,BR,2021-04-15 20:24:57,-5.1989,-35.4608,82.4,74,40,11.5
491,Zlitan,LY,2021-04-15 20:24:57,32.4674,14.5687,62.51,76,94,20.98
492,Morros,BR,2021-04-15 20:24:58,-9.4467,-46.3003,81.79,58,100,3.11
493,Los Llanos De Aridane,ES,2021-04-15 20:20:20,28.6585,-17.9182,68.0,73,75,19.57
494,Srednekolymsk,RU,2021-04-15 20:24:58,67.45,153.6833,7.61,94,100,5.03
495,Bathsheba,BB,2021-04-15 20:24:50,13.2167,-59.5167,84.2,61,40,17.27
496,Limpio,PY,2021-04-15 20:24:58,-25.1833,-57.5333,87.8,62,20,5.75
497,North Myrtle Beach,US,2021-04-15 20:22:10,33.816,-78.68,75.2,83,90,5.75
498,Sao Felix Do Xingu,BR,2021-04-15 20:24:59,-6.6447,-51.995,82.63,77,95,1.88
499,Gerede,TR,2021-04-15 20:24:59,40.8008,32.1969,39.94,90,28,1.57
500,Alice Springs,AU,2021-04-15 20:24:59,-23.7,133.8833,60.8,63,90,8.05
501,Sobolevo,RU,2021-04-15 20:25:00,54.4299,31.8996,49.5,91,99,12.59
502,Temir,KZ,2021-04-15 20:25:00,49.1414,57.13,52.74,51,0,9.82
503,Chernyshevskiy,RU,2021-04-15 20:25:00,63.0128,112.4714,21.81,92,100,11.97
504,Khem Karan,IN,2021-04-15 20:25:01,31.1428,74.5667,73.4,53,75,17.27
505,Voznesenye,RU,2021-04-15 20:25:01,61.0106,35.4781,30.87,90,3,4.5
506,Christchurch,NZ,2021-04-15 20:23:48,-43.5333,172.6333,57.0,81,100,4.61
507,Ligayan,PH,2021-04-15 20:25:01,4.6533,119.4706,82.06,77,84,10.11
508,Batticaloa,LK,2021-04-15 20:25:02,7.7102,81.6924,77.43,87,100,4.21
509,Port Macquarie,AU,2021-04-15 20:21:24,-31.4333,152.9167,57.0,95,5,1.01
510,Igbon,PH,2021-04-15 20:25:02,11.2142,123.1655,78.8,85,100,9.55
511,Alexandria,EG,2021-04-15 20:24:57,31.2156,29.9553,66.2,72,0,4.61
512,Benguela,AO,2021-04-15 20:25:02,-12.5763,13.4055,82.31,72,32,3.87
513,Trenggalek,ID,2021-04-15 20:25:03,-8.05,111.7167,73.96,93,94,0.63
514,Lorengau,PG,2021-04-15 20:25:03,-2.0226,147.2712,80.56,78,100,6.64
515,Malindi,KE,2021-04-15 20:25:03,-3.2175,40.1191,81.7,78,99,14.27
516,Clyde River,CA,2021-04-15 20:25:04,70.4692,-68.5914,6.8,78,20,24.16
517,Kipushi,CD,2021-04-15 20:25:04,-11.7667,27.2333,60.89,86,94,4.12
518,Yabassi,CM,2021-04-15 20:25:04,4.457,9.9682,80.6,89,20,1.14
519,Russell,US,2021-04-15 20:25:04,32.3502,-85.1999,71.6,64,75,3.44
520,Kremnica,SK,2021-04-15 20:25:05,48.7052,18.9183,36.0,99,91,4.16
521,Huittinen,FI,2021-04-15 20:25:05,61.1833,22.7,35.01,80,0,1.14
522,Khandyga,RU,2021-04-15 20:25:05,62.6667,135.6,5.83,97,100,2.95
523,Evanston,US,2021-04-15 20:24:19,42.0411,-87.6901,53.6,47,75,13.8
524,Toyos,HN,2021-04-15 20:25:06,15.55,-87.65,93.0,52,90,4.61
525,Ginir,ET,2021-04-15 20:25:06,7.1333,40.7,58.68,79,19,5.01
526,Sorland,NO,2021-04-15 20:25:06,67.667,12.6934,41.0,87,75,3.44
527,Victoria,HK,2021-04-15 20:20:37,22.2855,114.1577,73.0,94,100,1.99
528,Japura,ID,2021-04-15 20:25:07,-0.3167,102.35,72.97,98,100,3.2
529,Aasiaat,GL,2021-04-15 20:25:07,68.7098,-52.8699,7.75,84,100,18.66
530,Izhmorskiy,RU,2021-04-15 20:25:07,56.194,86.6414,37.54,97,100,13.02
531,Batagay-Alyta,RU,2021-04-15 20:25:08,67.8006,130.4114,-12.5,94,68,6.04
532,Coronado,US,2021-04-15 20:25:08,32.6859,-117.1831,66.0,55,75,12.66
533,Sao Joao Da Barra,BR,2021-04-15 20:23:25,-21.6403,-41.0511,77.0,65,20,3.44
534,Ridgecrest,US,2021-04-15 20:22:19,35.6225,-117.6709,71.6,12,1,4.61
535,Aguimes,ES,2021-04-15 20:25:09,27.9054,-15.4461,69.8,60,75,13.8
536,Mareeba,AU,2021-04-15 20:25:09,-17.0,145.4333,70.0,94,90,3.44
537,Banda Aceh,ID,2021-04-15 20:25:09,5.5577,95.3222,80.51,77,89,5.48
538,Elko,US,2021-04-15 20:25:10,41.0002,-115.5012,50.0,73,100,8.99
539,Maragogi,BR,2021-04-15 20:25:10,-9.0122,-35.2225,74.84,89,100,3.91
540,Creston,US,2021-04-15 20:25:10,41.0586,-94.3614,48.2,61,1,10.69
541,Kampot,KH,2021-04-15 20:25:11,10.6167,104.1833,78.8,89,40,1.14
542,Emba,KZ,2021-04-15 20:25:11,48.8264,58.1442,53.76,50,0,10.02
543,Nisia Floresta,BR,2021-04-15 20:25:11,-6.0911,-35.2086,82.4,78,20,13.8
544,Akureyri,IS,2021-04-15 20:25:12,65.6835,-18.0878,51.8,62,40,27.63
545,Lancaster,US,2021-04-15 20:23:41,40.2504,-76.2499,60.8,41,40,18.41
546,Murray Bridge,AU,2021-04-15 20:25:12,-35.1167,139.2667,54.0,98,76,5.46
547,Cortez,US,2021-04-15 20:25:12,37.3489,-108.5859,60.8,17,20,25.32
548,Marang,MY,2021-04-15 20:25:13,5.2056,103.2059,78.8,94,20,2.3
549,Alofi,NU,2021-04-15 20:22:49,-19.0595,-169.9187,78.8,78,20,3.44
550,Nyagan,RU,2021-04-15 20:25:13,62.1406,65.3936,32.29,79,7,8.7
551,Altoona,US,2021-04-15 20:25:13,40.5187,-78.3947,44.01,65,98,4.0
552,Alta Floresta,BR,2021-04-15 20:25:13,-9.8756,-56.0861,89.6,62,40,3.44
553,Korla,CN,2021-04-15 20:23:44,41.7597,86.1469,57.49,30,86,9.37
554,Poronaysk,RU,2021-04-15 20:25:14,49.2167,143.1167,25.25,83,4,3.76
555,Hot Springs,US,2021-04-15 20:25:14,34.5037,-93.0552,69.8,37,1,10.36
556,Maturin,VE,2021-04-15 20:25:14,9.75,-63.1767,87.3,54,94,7.87
557,Barao De Melgaco,BR,2021-04-15 20:25:15,-16.1944,-55.9675,86.0,54,40,4.61
558,Drumheller,CA,2021-04-15 20:25:15,51.4617,-112.7101,60.8,21,0,3.44
559,Majene,ID,2021-04-15 20:25:15,-3.5403,118.9707,76.95,84,100,3.58
560,Makakilo City,US,2021-04-15 20:25:16,21.3469,-158.0858,80.6,50,1,6.91
561,Darovskoy,RU,2021-04-15 20:25:16,58.77,47.9564,39.02,77,100,9.37
562,North Battleford,CA,2021-04-15 20:24:50,52.7834,-108.2847,57.2,19,1,2.3
